measurement_time,gadget_id,avg_vol,avg_curr,avg_pf,temperature,Unnamed: 10,Unnamed: 11
00:00.0,1,3,7,16,44.11443746,,
00:00.0,1,8,3,12,34.39517696,,
00:00.0,1,10,8,20,38.28070468,,
00:00.0,1,6,5,20,41.87821481,,
00:00.0,1,6,9,16,39.25726755,,
00:00.0,1,2,6,10,38.92734324,,
00:00.0,1,8,10,10,36.82630957,,
00:00.0,1,9,5,17,30.69289827,,
00:00.0,1,5,1,15,31.92522857,,
00:00.0,1,5,7,19,25.32640216,,
59:59.9,1,7,5,17,31.09184217,,
59:59.9,1,10,9,15,33.0988614,,
59:59.9,1,10,8,16,23.95271561,,
59:59.9,1,5,3,19,24.41357756,,
59:59.9,1,10,10,15,23.62136582,,
59:59.9,1,10,2,15,20.930403,,
59:59.9,1,8,10,11,28.28248873,,
59:59.9,1,1,4,15,18.41196276,,
59:59.9,1,6,6,16,17.58070229,,
59:59.9,1,7,2,11,24.41224073,,
59:59.9,1,4,1,11,23.14160876,,
59:59.9,1,6,7,15,13.98276464,,
59:59.9,1,4,2,12,19.38263539,,
59:59.9,1,5,1,10,12.4551988,,
59:59.9,1,5,10,17,37.58027236,,
59:59.9,1,9,9,13,33.27264755,,
59:59.9,1,3,7,18,32.98918432,,
59:59.9,1,7,5,14,35.45440361,,
59:59.9,1,9,10,14,40.02025813,,
59:59.9,1,5,4,19,37.06106469,,
59:59.8,1,4,3,19,32.76318965,,
59:59.8,1,7,3,12,37.58446553,,
59:59.8,1,7,1,20,30.33093857,,
59:59.8,1,3,7,14,27.84968839,,
59:59.8,1,1,2,12,29.05098106,,
59:59.8,1,4,6,17,29.26760421,,
59:59.8,1,6,10,19,31.14050163,,
59:59.8,1,6,4,19,21.06104625,,
59:59.8,1,4,2,18,30.36818111,,
59:59.8,1,7,1,19,23.90552937,,
59:59.8,1,7,9,11,26.59095662,,
59:59.8,1,10,7,13,25.06329352,,
59:59.8,1,1,8,20,17.26281741,,
59:59.8,1,1,10,18,17.52043468,,
59:59.8,1,3,2,17,21.77928354,,
59:59.8,1,7,3,10,21.51643344,,
59:59.8,1,9,4,19,16.29157988,,
59:59.8,1,4,2,12,13.28610692,,
59:59.8,1,8,10,18,35.0719545,,
59:59.8,1,7,10,15,43.21058387,,
59:59.8,1,1,7,15,41.44625946,,
59:59.7,1,8,9,12,36.05460481,,
59:59.7,1,5,5,14,32.11380395,,
59:59.7,1,2,6,20,29.70271637,,
59:59.7,1,8,1,16,29.42752847,,
59:59.7,1,7,7,10,34.55389717,,
59:59.7,1,9,4,11,34.98218534,,
59:59.7,1,1,8,16,27.71884304,,
59:59.7,1,4,9,14,30.18666908,,
59:59.7,1,4,6,17,33.82984489,,
59:59.7,1,9,7,11,26.93143247,,
59:59.7,1,2,4,10,21.29287103,,
59:59.7,1,1,9,16,20.07101563,,
59:59.7,1,6,4,18,23.06052461,,
59:59.7,1,4,5,20,18.94660893,,
59:59.7,1,6,5,13,19.25632802,,
59:59.7,1,4,8,18,25.56870972,,
59:59.7,1,5,1,10,20.7668897,,
59:59.7,1,3,2,19,17.93766851,,
59:59.7,1,7,4,15,15.56597014,,
59:59.6,1,6,2,20,14.29900149,,
59:59.6,1,3,5,18,11.46314657,,
59:59.6,1,8,3,15,42.9668525,,
59:59.6,1,9,5,20,41.89333453,,
59:59.6,1,4,3,11,41.97843943,,
59:59.6,1,10,3,10,31.08456145,,
59:59.6,1,8,3,16,34.26164729,,
59:59.6,1,7,9,18,31.5283774,,
59:59.6,1,9,4,16,29.94777694,,
59:59.6,1,7,3,12,34.71779328,,
59:59.6,1,8,3,20,30.88920855,,
59:59.6,1,3,5,12,32.16862089,,
59:59.6,1,2,4,20,29.0625111,,
59:59.6,1,2,4,17,33.14090502,,
59:59.6,1,7,5,11,27.65294765,,
59:59.6,1,8,7,18,30.33909795,,
59:59.6,1,8,1,14,29.52146534,,
59:59.6,1,4,8,18,19.42062512,,
59:59.6,1,3,4,19,21.17826775,,
59:59.6,1,4,7,12,22.97724169,,
59:59.5,1,4,9,18,17.85731441,,
59:59.5,1,3,5,19,15.37064118,,
59:59.5,1,1,7,20,14.40681821,,
59:59.5,1,5,1,15,17.82202474,,
59:59.5,1,1,2,12,12.46408978,,
59:59.5,1,4,3,17,15.23580795,,
59:59.5,1,10,1,13,37.19685236,,
59:59.5,1,6,1,17,38.35800414,,
59:59.5,1,5,6,12,33.32000236,,
59:59.5,1,1,7,16,35.45773212,,
59:59.5,1,8,6,19,39.97837892,,
59:59.5,1,9,4,17,30.85756361,,
59:59.5,1,8,6,10,30.61082244,,
59:59.5,1,6,1,11,33.47903009,,
59:59.5,1,5,6,20,33.11946043,,
59:59.5,1,10,3,16,28.26068375,,
59:59.5,1,4,3,19,30.33289743,,
59:59.5,1,5,2,15,24.98856519,,
59:59.5,1,5,4,13,22.7555659,,
59:59.5,1,2,3,10,31.60285986,,
59:59.5,1,3,8,10,23.16941769,,
59:59.5,1,10,5,18,24.50332436,,
59:59.5,1,8,5,20,19.83643594,,
59:59.5,1,6,2,16,24.08129884,,
59:59.5,1,5,1,16,22.5534291,,
59:59.5,1,5,10,11,21.78264463,,
59:59.5,1,10,5,18,23.94087149,,
59:59.5,1,9,5,13,16.71810094,,
59:59.5,1,8,6,11,16.17590419,,
59:59.5,1,3,5,13,17.37251115,,
59:59.5,1,7,6,10,37.97002412,,
59:59.5,1,7,5,18,40.87980586,,
59:59.5,1,7,7,19,41.46629463,,
59:59.5,1,1,10,12,36.1592483,,
59:59.5,1,4,2,10,36.34791981,,
59:59.5,1,5,5,12,36.08542108,,
59:59.5,1,9,2,17,33.25341255,,
59:59.5,1,3,4,10,27.54570355,,
59:59.5,1,9,9,15,31.21244906,,
59:59.5,1,8,9,11,25.0936471,,
59:59.5,1,10,8,14,25.63853475,,
59:59.5,1,2,6,17,27.68936899,,
59:59.5,1,9,4,17,29.43768094,,
59:59.5,1,9,6,20,27.76558504,,
59:59.5,1,8,6,12,20.22683184,,
59:59.5,1,8,3,14,29.49026196,,
59:59.5,1,8,4,20,19.43934251,,
59:59.5,1,2,8,19,21.91294506,,
59:59.5,1,10,7,12,20.85015382,,
59:59.5,1,2,4,10,20.92865081,,
59:59.5,1,8,7,17,19.02174721,,
59:59.5,1,4,1,19,18.49487401,,
59:59.5,1,3,9,16,21.37961518,,
59:59.5,1,9,3,11,18.3658041,,
59:59.5,1,2,3,15,41.14552135,,
59:59.5,1,8,7,14,38.90269488,,
59:59.5,1,3,3,11,32.27705405,,
59:59.5,1,5,4,12,36.78472957,,
59:59.5,1,4,4,19,36.96444709,,
59:59.5,1,5,3,20,39.40595015,,
59:59.5,1,3,8,16,32.39436481,,
59:59.5,1,3,10,14,35.63120041,,
59:59.5,1,2,9,10,26.04876621,,
59:59.5,1,7,5,18,25.15632397,,
59:59.5,1,1,6,16,26.16793482,,
59:59.5,1,2,1,15,27.28622889,,
59:59.5,1,1,1,10,26.66867893,,
59:59.5,1,7,6,16,21.14366121,,
59:59.5,1,7,4,14,22.97660335,,
59:59.5,1,6,7,20,24.58262295,,
59:59.5,1,3,6,12,24.22379083,,
59:59.5,1,4,1,18,19.04760925,,
59:59.5,1,3,6,17,20.30891493,,
59:59.5,1,3,7,13,22.69932673,,
59:59.5,1,4,1,17,22.52154515,,
59:59.5,1,10,6,14,22.74043669,,
59:59.5,1,4,2,12,16.3594864,,
59:59.5,1,6,5,12,11.77368785,,
00:00.0,2,3,10,16,22.3,,
00:00.0,2,4,5,15,23.31263285,,
00:00.0,2,6,1,12,21.99689879,,
00:00.0,2,9,5,12,27.1514194,,
00:00.0,2,9,4,16,30.699783,,
00:00.0,2,4,4,17,32.76078516,,
00:00.0,2,4,1,16,32.39692173,,
00:00.0,2,8,9,15,35.642136,,
00:00.0,2,2,4,16,36.29659803,,
00:00.0,2,3,6,15,40.63762881,,
59:59.9,2,5,6,12,39.03661204,,
59:59.9,2,3,5,12,43.08358429,,
59:59.9,2,8,4,16,44.70219764,,
59:59.9,2,6,1,17,41.84826432,,
59:59.9,2,3,2,16,47.97861692,,
59:59.9,2,7,3,15,50.56023711,,
59:59.9,2,6,10,16,54.79041842,,
59:59.9,2,9,5,15,58.43243883,,
59:59.9,2,1,3,12,64.33785934,,
59:59.9,2,7,8,12,70.53040691,,
59:59.9,2,7,4,16,71.46432537,,
59:59.9,2,8,7,17,73.87800166,,
59:59.9,2,3,9,16,74.90774254,,
59:59.9,2,8,8,15,77.49526473,,
59:59.9,2,8,6,16,76.18542851,,
59:59.9,2,6,1,15,74.84528449,,
59:59.9,2,1,9,12,79.10806107,,
59:59.9,2,6,9,12,24.9,,
59:59.9,2,7,4,16,31.07208516,,
59:59.9,2,7,5,17,35.99044858,,
59:59.8,2,6,3,16,39.82580218,,
59:59.8,2,9,6,15,37.1179979,,
59:59.8,2,3,8,16,41.31954232,,
59:59.8,2,1,8,15,41.13452656,,
59:59.8,2,5,9,12,45.55950916,,
59:59.8,2,1,4,12,52.02216318,,
59:59.8,2,7,5,16,55.25008717,,
59:59.8,2,4,6,17,60.0100582,,
59:59.8,2,8,3,16,58.76449888,,
59:59.8,2,2,6,15,61.25532445,,
59:59.8,2,9,1,16,60.93536492,,
59:59.8,2,6,7,15,64.5807115,,
59:59.8,2,5,10,12,66.11104225,,
59:59.8,2,4,10,12,68.46455797,,
59:59.8,2,2,5,16,67.43231777,,
59:59.8,2,9,10,17,73.56720487,,
59:59.8,2,6,8,16,23,,
59:59.8,2,1,1,15,24.83971199,,
59:59.8,2,8,2,16,27.00442983,,
59:59.8,2,2,3,15,26.8654064,,
59:59.8,2,7,2,12,27.15454005,,
59:59.7,2,6,8,12,26.08360163,,
59:59.7,2,1,10,16,32.46319029,,
59:59.7,2,4,10,17,32.97422831,,
59:59.7,2,4,1,16,34.20062478,,
59:59.7,2,3,2,15,34.3260195,,
59:59.7,2,9,7,16,36.2862589,,
59:59.7,2,6,10,15,42.7310608,,
59:59.7,2,1,2,12,46.50609196,,
59:59.7,2,8,5,12,43.90631349,,
59:59.7,2,2,7,16,48.38463684,,
59:59.7,2,2,1,17,54.51756818,,
59:59.7,2,2,3,16,57.08944863,,
59:59.7,2,9,8,15,60.46683616,,
59:59.7,2,7,5,16,60.55268203,,
59:59.7,2,8,2,15,60.50022179,,
59:59.7,2,7,10,12,59.10271986,,
59:59.7,2,6,7,12,57.35109681,,
59:59.7,2,1,5,16,55.07620748,,
59:59.7,2,3,8,17,61.46344814,,
59:59.6,2,7,8,16,65.35171598,,
59:59.6,2,7,10,15,68.54421116,,
59:59.6,2,3,9,16,69.63812413,,
59:59.6,2,5,3,15,73.10370216,,
59:59.6,2,4,2,12,29.1,,
59:59.6,2,5,9,12,31.532446,,
59:59.6,2,8,8,16,33.5009059,,
59:59.6,2,3,2,17,35.86383745,,
59:59.6,2,6,1,16,38.43619741,,
59:59.6,2,8,4,15,37.99484819,,
59:59.6,2,1,8,16,39.89786501,,
59:59.6,2,8,10,15,39.88954077,,
59:59.6,2,7,1,12,38.51832012,,
59:59.6,2,9,5,12,39.11586487,,
59:59.6,2,7,6,16,41.39441118,,
59:59.6,2,6,3,17,41.93002504,,
59:59.6,2,8,8,16,40.10212697,,
59:59.6,2,7,1,15,45.0706672,,
59:59.6,2,1,9,16,45.15590271,,
59:59.6,2,7,1,15,50.1714803,,
59:59.5,2,7,7,12,48.20042951,,
59:59.5,2,7,6,12,51.82806985,,
59:59.5,2,4,9,16,21.4,,
59:59.5,2,2,1,17,27.11921999,,
59:59.5,2,2,6,16,28.94564912,,
59:59.5,2,2,2,15,26.87983544,,
59:59.5,2,6,8,16,25.32074052,,
59:59.5,2,5,6,15,23.55129095,,
59:59.5,2,7,4,12,27.23775078,,
59:59.5,2,1,5,12,27.43167823,,
59:59.5,2,1,9,16,25.62010491,,
59:59.5,2,5,6,17,28.46923052,,
59:59.5,2,1,8,16,26.15863322,,
59:59.5,2,7,10,15,29.10738729,,
59:59.5,2,5,6,16,30.54014746,,
59:59.5,2,5,3,15,31.9078486,,
59:59.5,2,4,10,12,36.54429969,,
59:59.5,2,1,1,12,35.70192807,,
59:59.5,2,2,3,16,35.68123779,,
59:59.5,2,6,2,17,41.48222428,,
59:59.5,2,1,10,16,45.8930674,,
59:59.5,2,2,10,15,46.61651116,,
59:59.5,2,6,1,16,46.24517243,,
59:59.5,2,3,1,15,46.31660582,,
59:59.5,2,1,7,12,52.65696852,,
59:59.5,2,2,9,12,58.09944283,,
59:59.5,2,6,2,16,62.68851167,,
59:59.5,2,6,9,17,64.62475846,,
59:59.5,2,4,6,16,70.57524765,,
59:59.5,2,3,7,15,75.82993547,,
59:59.5,2,7,5,16,81.03344271,,
59:59.5,2,9,7,15,23.7,,
59:59.5,2,8,1,12,27.6884837,,
59:59.5,2,4,3,12,26.30217364,,
59:59.5,2,3,10,16,28.13868972,,
59:59.5,2,5,5,17,31.67656367,,
59:59.5,2,9,2,16,28.69352375,,
59:59.5,2,2,3,15,29.14495486,,
59:59.5,2,4,6,16,34.01353851,,
59:59.5,2,8,9,15,31.66985838,,
59:59.5,2,6,2,12,34.04234341,,
59:59.5,2,3,3,12,33.35583624,,
59:59.5,2,7,4,16,31.4724322,,
59:59.5,2,3,6,17,28.84828242,,
59:59.5,2,7,1,16,30.20472057,,
59:59.5,2,7,4,15,34.06411911,,
59:59.5,2,2,3,16,40.6447386,,
59:59.5,2,3,6,15,40.81862267,,
59:59.5,2,2,4,12,46.41360025,,
59:59.5,2,2,10,12,49.52154717,,
59:59.5,2,7,2,16,52.50366447,,
59:59.5,2,2,10,17,50.28241622,,
59:59.5,2,6,4,16,48.75289991,,
59:59.5,2,6,5,15,46.50325599,,
59:59.5,2,4,2,16,52.53570169,,
59:59.5,2,7,2,15,58.98107245,,
59:59.5,2,5,9,12,57.12582942,,
59:59.5,2,9,6,12,63.25236099,,
59:59.5,2,9,6,16,65.47660378,,
59:59.5,2,2,3,17,70.16188956,,
59:59.5,2,9,3,16,70.7639989,,
59:59.5,2,3,3,15,73.1171542,,
59:59.5,2,2,10,16,78.19911113,,
59:59.5,2,5,1,15,83.57377644,,
59:59.5,2,4,8,12,23.1,,
59:59.5,2,7,8,12,23.02058836,,
59:59.5,2,1,5,16,20.52141104,,
59:59.5,2,3,3,17,21.09049349,,
59:59.5,2,9,6,16,18.36442406,,
59:59.5,2,5,2,15,19.68854022,,
59:59.5,2,3,3,16,19.10185155,,
59:59.5,2,6,2,15,24.78120534,,
59:59.5,2,3,10,12,31.27584871,,
59:59.5,2,2,8,12,28.48483185,,
59:59.5,2,9,8,16,35.43106628,,
59:59.5,2,3,3,17,40.41300392,,
59:59.5,2,6,10,16,43.30417831,,
59:59.5,2,2,4,15,42.2213857,,
00:00.0,3,3,8,11,40.42774045,,
00:00.0,3,9,9,19,39.08442615,,
00:00.0,3,8,0,13,37.24336502,,
00:00.0,3,4,1,20,42.65507834,,
00:00.0,3,2,2,14,40.60751444,,
00:00.0,3,5,3,12,40.72790894,,
00:00.0,3,10,4,16,39.8785042,,
00:00.0,3,2,5,14,45.12850827,,
00:00.0,3,2,6,18,47.61287537,,
00:00.0,3,5,7,13,54.57190386,,
59:59.9,3,6,8,16,56.46542988,,
59:59.9,3,9,9,16,57.87832596,,
59:59.9,3,5,0,19,63.45659545,,
59:59.9,3,9,1,11,61.80950298,,
59:59.9,3,10,2,16,63.33575857,,
59:59.9,3,10,3,10,64.65619184,,
59:59.9,3,5,4,16,69.02597395,,
59:59.9,3,7,5,11,66.33196511,,
59:59.9,3,5,6,12,72.05458804,,
59:59.9,3,2,7,17,76.01218893,,
59:59.9,3,9,8,10,78.31867521,,
59:59.9,3,5,9,17,81.42405614,,
59:59.9,3,3,0,11,82.46949798,,
59:59.9,3,8,1,16,80.01260426,,
59:59.9,3,7,2,18,81.83683662,,
59:59.9,3,4,3,20,79.90447037,,
59:59.9,3,6,4,18,80.07130642,,
59:59.9,3,10,5,15,79.39966462,,
59:59.9,3,9,6,19,85.54615859,,
59:59.9,3,6,7,13,91.61156167,,
59:59.8,3,4,8,13,93.08798908,,
59:59.8,3,3,9,15,24.8,,
59:59.8,3,8,0,13,26.50587544,,
59:59.8,3,8,1,20,33.01261091,,
59:59.8,3,2,2,18,36.12716095,,
59:59.8,3,4,3,15,39.16840255,,
59:59.8,3,6,4,13,41.53013672,,
59:59.8,3,10,5,18,39.8291601,,
59:59.8,3,7,6,13,38.42510165,,
59:59.8,3,10,7,15,44.80541934,,
59:59.8,3,5,8,19,48.19563926,,
59:59.8,3,7,9,14,49.45117369,,
59:59.8,3,5,0,11,56.15644282,,
59:59.8,3,9,1,10,60.90312925,,
59:59.8,3,9,2,16,66.34491747,,
59:59.8,3,3,3,20,72.5472792,,
59:59.8,3,10,4,11,71.83461959,,
59:59.8,3,5,5,14,71.58763177,,
59:59.8,3,6,6,12,71.94831165,,
59:59.8,3,9,7,11,74.37739619,,
59:59.8,3,10,8,11,79.36515102,,
59:59.7,3,3,9,18,77.46030784,,
59:59.7,3,7,0,13,24.8,,
59:59.7,3,8,1,15,31.08279635,,
59:59.7,3,4,2,20,29.19716477,,
59:59.7,3,4,3,18,31.37367641,,
59:59.7,3,2,4,18,34.33403271,,
59:59.7,3,9,5,12,35.03875335,,
59:59.7,3,10,6,12,35.20567502,,
59:59.7,3,9,7,17,39.09266287,,
59:59.7,3,10,8,17,45.60796845,,
59:59.7,3,4,9,12,50.97680968,,
59:59.7,3,7,0,20,57.68588333,,
59:59.7,3,3,1,17,57.94405777,,
59:59.7,3,4,2,18,59.3519469,,
59:59.7,3,10,3,20,64.87562005,,
59:59.7,3,4,4,10,62.38307466,,
59:59.7,3,6,5,12,68.98316154,,
59:59.7,3,6,6,20,73.41077552,,
59:59.7,3,3,7,13,77.55877408,,
59:59.6,3,2,8,15,83.83617108,,
59:59.6,3,4,9,17,90.52651042,,
59:59.6,3,10,0,16,94.5976494,,
59:59.6,3,7,1,11,22.5,,
59:59.6,3,6,2,11,27.91783048,,
59:59.6,3,5,3,16,27.27257681,,
59:59.6,3,4,4,17,34.03129887,,
59:59.6,3,9,5,15,34.99195293,,
59:59.6,3,7,6,16,34.41339506,,
59:59.6,3,4,7,14,31.53234419,,
59:59.6,3,9,8,13,29.22079074,,
59:59.6,3,3,9,20,32.7034434,,
59:59.6,3,6,0,15,39.22683362,,
59:59.6,3,7,1,18,44.41604329,,
59:59.6,3,7,2,18,44.39492044,,
59:59.6,3,7,3,16,41.75867087,,
59:59.6,3,4,4,11,45.86697936,,
59:59.6,3,9,5,16,46.34596576,,
59:59.6,3,8,6,20,50.11366757,,
59:59.6,3,7,7,18,56.18976657,,
59:59.5,3,6,8,11,59.05327221,,
59:59.5,3,9,9,15,60.66848851,,
59:59.5,3,10,0,20,61.79534611,,
59:59.5,3,10,1,16,65.90977066,,
59:59.5,3,7,2,15,69.34660707,,
59:59.5,3,3,3,12,73.94065397,,
59:59.5,3,6,4,15,71.3310137,,
59:59.5,3,2,5,13,74.8275255,,
59:59.5,3,6,6,15,73.41238403,,
59:59.5,3,7,7,19,71.24484916,,
59:59.5,3,2,8,10,72.30468153,,
59:59.5,3,8,9,10,74.65786335,,
59:59.5,3,7,0,16,73.2864121,,
59:59.5,3,7,1,16,22.4,,
59:59.5,3,6,2,16,24.50592883,,
59:59.5,3,10,3,15,22.73241534,,
59:59.5,3,2,4,12,28.42508919,,
59:59.5,3,4,5,11,34.29819651,,
59:59.5,3,5,6,10,40.31423719,,
59:59.5,3,9,7,18,38.01454788,,
59:59.5,3,5,8,20,37.09434064,,
59:59.5,3,10,9,18,37.08137887,,
59:59.5,3,9,0,17,39.26673124,,
59:59.5,3,3,1,15,37.11786588,,
59:59.5,3,8,2,12,36.01974744,,
59:59.5,3,6,3,10,35.48440398,,
59:59.5,3,5,4,17,42.40767959,,
59:59.5,3,7,5,18,49.02664082,,
59:59.5,3,3,6,17,47.74757455,,
59:59.5,3,9,7,13,54.07723171,,
59:59.5,3,2,8,16,57.26231888,,
59:59.5,3,4,9,14,59.97887295,,
59:59.5,3,6,0,11,57.90978835,,
59:59.5,3,5,1,20,55.22748875,,
59:59.5,3,2,2,14,55.63956896,,
59:59.5,3,4,3,15,55.84676433,,
59:59.5,3,4,4,10,58.87322082,,
59:59.5,3,4,5,14,63.84761166,,
59:59.5,3,9,6,18,64.17734196,,
59:59.5,3,3,7,11,63.99942853,,
59:59.5,3,8,8,18,63.16537162,,
59:59.5,3,9,9,11,64.26416078,,
59:59.5,3,7,0,12,70.38158802,,
59:59.5,3,2,1,19,67.90069936,,
59:59.5,3,9,2,14,74.33508703,,
59:59.5,3,7,3,13,76.90856904,,
59:59.5,3,4,4,20,77.03759709,,
59:59.5,3,10,5,15,76.61303693,,
59:59.5,3,6,6,18,83.00635283,,
59:59.5,3,10,7,15,83.6793448,,
59:59.5,3,2,8,16,83.54123128,,
59:59.5,3,3,9,15,85.61460716,,
59:59.5,3,4,0,19,85.59579765,,
59:59.5,3,3,1,12,87.97349214,,
59:59.5,3,4,2,19,87.19583882,,
59:59.5,3,9,3,17,90.53470704,,
59:59.5,3,9,4,14,95.0126207,,
59:59.5,3,6,5,13,95.25694013,,
59:59.5,3,6,6,10,101.7225777,,
59:59.5,3,9,7,12,108.5903416,,
59:59.5,3,7,8,12,108.9615368,,
59:59.5,3,8,9,20,109.8164899,,
59:59.5,3,2,0,15,21.1,,
59:59.5,3,2,1,10,27.66828628,,
59:59.5,3,3,2,20,31.9960797,,
59:59.5,3,8,3,13,35.95559803,,
59:59.5,3,9,4,20,35.18997379,,
59:59.5,3,6,5,15,33.52780152,,
59:59.5,3,9,6,13,32.53795743,,
59:59.5,3,2,7,12,33.01780364,,
59:59.5,3,9,8,13,38.56820008,,
59:59.5,3,4,9,19,48.95061166,,
59:59.5,3,3,0,13,48.32935801,,
59:59.5,3,7,1,18,49.07700533,,
59:59.5,3,6,2,12,50.12863096,,
59:59.5,3,6,3,13,48.64510978,,
59:59.5,3,9,4,19,49.9588368,,
59:59.5,3,6,5,13,52.24109715,,
00:00.0,4,3,7,12,72.86729584,,
00:00.0,4,8,8,12.5,74.66356703,,
00:00.0,4,10,7,14,70.14275789,,
00:00.0,4,6,5,16,70.59133173,,
00:00.0,4,6,5,16,85.17311926,,
00:00.0,4,2,9,18,77.89571718,,
00:00.0,4,8,8,12,80.11793015,,
00:00.0,4,9,6,13,76.34351039,,
00:00.0,4,5,10,15,76.534372,,
00:00.0,4,5,5,16,74.78409202,,
59:59.9,4,7,4,16,84.74908803,,
59:59.9,4,10,7,19,76.95964927,,
59:59.9,4,10,7,12,77.95041735,,
59:59.9,4,5,6,12.5,70.00999838,,
59:59.9,4,10,5,14,75.01651893,,
59:59.9,4,10,7,16,73.95611743,,
59:59.9,4,8,10,16,74.98500923,,
59:59.9,4,1,6,18,86.88238253,,
59:59.9,4,6,6,12,78.5725981,,
59:59.9,4,7,6,13,80.85084639,,
59:59.9,4,4,5,15,69.0419606,,
59:59.9,4,6,8,16,74.82221335,,
59:59.9,4,4,6,16,83.2680774,,
59:59.9,4,5,8,19,82.42289123,,
59:59.9,4,5,10,12,79.97237091,,
59:59.9,4,9,4,12.5,77.21184916,,
59:59.9,4,3,7,14,79.93490705,,
59:59.9,4,7,9,16,81.74913118,,
59:59.9,4,9,4,16,81.42613083,,
59:59.9,4,5,6,18,79.78714934,,
59:59.8,4,4,4,12,73.34162164,,
59:59.8,4,7,9,13,76.78969872,,
59:59.8,4,7,5,15,82.10015324,,
59:59.8,4,3,6,16,74.57446833,,
59:59.8,4,1,9,16,73.66364737,,
59:59.8,4,4,7,19,80.59034335,,
59:59.8,4,6,5,12,76.37594564,,
59:59.8,4,6,4,12.5,77.54347915,,
59:59.8,4,4,8,14,75.08606954,,
59:59.8,4,7,7,16,72.33704496,,
59:59.8,4,7,9,16,76.69254702,,
59:59.8,4,10,8,18,79.43710037,,
59:59.8,4,1,10,12,79.41870895,,
59:59.8,4,1,6,13,82.36534781,,
59:59.8,4,3,10,15,77.50752922,,
59:59.8,4,7,8,16,84.42623265,,
59:59.8,4,9,8,16,75.40729779,,
59:59.8,4,4,4,19,80.66692685,,
59:59.8,4,8,10,12,78.88366937,,
59:59.8,4,7,10,12.5,80.39307846,,
59:59.8,4,1,10,14,81.06413804,,
59:59.7,4,8,7,16,79.59336468,,
59:59.7,4,5,6,16,75.34855305,,
59:59.7,4,2,4,18,81.88578928,,
59:59.7,4,8,10,12,81.8481553,,
59:59.7,4,7,10,13,71.76064055,,
59:59.7,4,9,4,15,73.01786209,,
59:59.7,4,1,7,16,77.0765199,,
59:59.7,4,4,5,16,70.52861766,,
59:59.7,4,4,7,19,79.78429497,,
59:59.7,4,9,7,12,76.72600654,,
59:59.7,4,2,10,12.5,77.68615947,,
59:59.7,4,1,5,14,77.16028794,,
59:59.7,4,6,8,16,86.29697862,,
59:59.7,4,4,6,16,84.32652849,,
59:59.7,4,6,8,18,73.56921884,,
59:59.7,4,4,6,12,74.9505294,,
59:59.7,4,5,4,13,73.11994567,,
59:59.7,4,3,4,15,84.75286814,,
59:59.7,4,7,8,16,83.4388263,,
59:59.6,4,6,8,16,69.07478238,,
59:59.6,4,3,7,19,77.5463049,,
59:59.6,4,8,9,12,87.37437353,,
59:59.6,4,9,8,12.5,78.14856613,,
59:59.6,4,4,10,14,80.41802692,,
59:59.6,4,10,7,16,76.59651758,,
59:59.6,4,8,7,16,76.88144206,,
59:59.6,4,7,6,18,71.98539254,,
59:59.6,4,9,10,12,72.83626221,,
59:59.6,4,7,5,13,77.15078994,,
59:59.6,4,8,4,15,75.10301653,,
59:59.6,4,3,7,16,78.82199819,,
59:59.6,4,2,4,16,78.38868864,,
59:59.6,4,2,10,19,76.80706299,,
59:59.6,4,7,8,12,79.00643442,,
59:59.6,4,8,6,12.5,78.1358055,,
59:59.6,4,8,9,14,75.06806227,,
59:59.6,4,4,4,16,78.19062464,,
59:59.6,4,3,10,16,77.21537898,,
59:59.6,4,4,9,18,76.68829621,,
59:59.5,4,4,8,12,80.43086035,,
59:59.5,4,3,8,13,76.16374179,,
59:59.5,4,1,9,15,67.79746875,,
59:59.5,4,5,7,16,69.77365639,,
59:59.5,4,1,8,16,80.96999609,,
59:59.5,4,4,5,19,81.88084815,,
59:59.5,4,10,7,12,82.15910071,,
59:59.5,4,6,4,12.5,69.85079978,,
59:59.5,4,5,10,14,77.39687334,,
59:59.5,4,1,4,16,76.34363163,,
59:59.5,4,8,10,16,75.87304739,,
59:59.5,4,9,10,18,68.55067854,,
59:59.5,4,8,7,12,71.4765585,,
59:59.5,4,6,7,13,70.69483122,,
59:59.5,4,5,6,15,71.90582875,,
59:59.5,4,10,10,16,74.67791178,,
59:59.5,4,4,7,16,76.53289004,,
59:59.5,4,5,4,19,68.76069195,,
59:59.5,4,5,7,12,80.65845056,,
59:59.5,4,2,10,12.5,70.59966269,,
59:59.5,4,3,4,14,78.31399001,,
59:59.5,4,10,5,16,73.75547228,,
59:59.5,4,8,7,16,74.38446886,,
59:59.5,4,6,9,18,66.99747841,,
59:59.5,4,5,7,12,70.95961972,,
59:59.5,4,5,9,13,71.84357441,,
59:59.5,4,10,7,15,81.43509532,,
59:59.5,4,9,10,16,71.82102804,,
59:59.5,4,8,8,16,73.98564808,,
59:59.5,4,3,6,19,76.96137801,,
59:59.5,4,7,10,12,87.52953957,,
59:59.5,4,7,5,12.5,73.66748608,,
59:59.5,4,7,4,14,84.30791314,,
59:59.5,4,1,6,16,72.72000115,,
59:59.5,4,4,10,16,72.60040742,,
59:59.5,4,5,5,18,78.54846849,,
59:59.5,4,9,6,12,75.64783354,,
59:59.5,4,3,9,13,83.09070871,,
59:59.5,4,9,10,15,76.97425216,,
59:59.5,4,8,8,16,74.82183726,,
59:59.5,4,10,4,16,82.77074432,,
59:59.5,4,2,4,19,76.21272098,,
59:59.5,4,9,5,12,84.15984667,,
59:59.5,4,9,7,12.5,77.77383581,,
59:59.5,4,8,4,14,78.14212199,,
59:59.5,4,8,10,16,69.23550366,,
59:59.5,4,8,8,16,65.56797124,,
59:59.5,4,2,10,18,74.20777242,,
59:59.5,4,10,4,12,69.37726511,,
59:59.5,4,2,5,13,83.26129561,,
59:59.5,4,8,4,15,73.79353785,,
59:59.5,4,4,5,16,77.56285358,,
59:59.5,4,3,9,16,82.15294182,,
59:59.5,4,9,9,19,82.06906552,,
59:59.5,4,2,9,12,77.19427545,,
59:59.5,4,8,5,12.5,80.88381236,,
59:59.5,4,3,9,14,70.63496969,,
59:59.5,4,5,6,16,72.57933003,,
59:59.5,4,4,4,16,80.00009123,,
59:59.5,4,5,10,18,72.34837375,,
59:59.5,4,3,7,12,76.8771336,,
59:59.5,4,3,8,13,76.74586204,,
59:59.5,4,2,10,15,75.84284095,,
59:59.5,4,7,9,16,69.28024146,,
59:59.5,4,1,6,16,68.11770542,,
59:59.5,4,2,6,19,70.4097966,,
59:59.5,4,1,6,12,75.98386545,,
59:59.5,4,7,7,12.5,79.63859669,,
59:59.5,4,7,10,14,81.66957955,,
59:59.5,4,6,7,16,76.57314608,,
59:59.5,4,3,4,16,82.66389984,,
59:59.5,4,4,5,18,74.99218201,,
59:59.5,4,3,10,12,73.89325058,,
59:59.5,4,3,6,13,77.42903337,,
59:59.5,4,4,9,15,73.60066804,,
59:59.5,4,10,5,16,79.56382648,,
59:59.5,4,4,5,16,68.08430309,,
59:59.5,4,6,6,19,85.02381242,,
00:00.0,5,4,7,12,81.12534192,,
00:00.0,5,8,5,12.5,85.68156919,,
00:00.0,5,5,8,14,74.97759379,,
00:00.0,5,1,4,16,74.85537169,,
00:00.0,5,7,9,16,72.61219907,,
00:00.0,5,7,9,18,77.88811787,,
00:00.0,5,1,4,12,79.56168787,,
00:00.0,5,5,5,13,75.14462459,,
00:00.0,5,2,10,15,78.44527704,,
00:00.0,5,3,10,16,73.54051052,,
59:59.9,5,1,9,16,73.77750897,,
59:59.9,5,7,6,19,77.03001273,,
59:59.9,5,3,9,12,73.00410038,,
59:59.9,5,4,4,12.5,69.41436611,,
59:59.9,5,6,7,14,72.32391659,,
59:59.9,5,9,10,16,81.17403003,,
59:59.9,5,2,10,16,79.97808543,,
59:59.9,5,3,8,18,73.19570067,,
59:59.9,5,3,6,12,84.63541901,,
59:59.9,5,5,9,13,74.19040209,,
59:59.9,5,6,10,15,76.40687974,,
59:59.9,5,5,7,16,69.39471182,,
59:59.9,5,2,8,16,84.5979142,,
59:59.9,5,2,6,19,75.09767445,,
59:59.9,5,8,7,12,75.89230346,,
59:59.9,5,1,6,12.5,81.61501582,,
59:59.9,5,7,7,14,77.28588042,,
59:59.9,5,9,8,16,78.47343849,,
59:59.9,5,2,5,16,86.51041629,,
59:59.9,5,6,10,18,77.26442988,,
59:59.8,5,6,7,12,82.97752194,,
59:59.8,5,4,10,13,76.47774537,,
59:59.8,5,5,4,15,74.52121451,,
59:59.8,5,6,5,16,84.50705076,,
59:59.8,5,9,6,16,73.44381753,,
59:59.8,5,8,9,19,78.51987925,,
59:59.8,5,5,5,12,78.9746809,,
59:59.8,5,6,10,12.5,68.73136196,,
59:59.8,5,7,4,14,81.17777144,,
59:59.8,5,7,7,16,78.94351042,,
59:59.8,5,6,9,16,83.24068566,,
59:59.8,5,1,10,18,77.07461307,,
59:59.8,5,2,5,12,74.88002813,,
59:59.8,5,2,5,13,70.44664487,,
59:59.8,5,1,7,15,81.34521811,,
59:59.8,5,9,6,16,74.52669966,,
59:59.8,5,8,10,16,85.95162868,,
59:59.8,5,1,7,19,79.09979857,,
59:59.8,5,3,7,12,76.79312794,,
59:59.8,5,1,5,12.5,75.85721827,,
59:59.8,5,6,5,14,79.77082644,,
59:59.7,5,1,4,16,76.55917272,,
59:59.7,5,2,6,16,84.53268702,,
59:59.7,5,2,7,18,72.25387569,,
59:59.7,5,5,6,12,72.48639269,,
59:59.7,5,1,10,13,81.96107464,,
59:59.7,5,9,7,15,79.55214749,,
59:59.7,5,7,4,16,68.54787592,,
59:59.7,5,2,10,16,81.26331012,,
59:59.7,5,6,8,19,83.05153323,,
59:59.7,5,8,4,12,80.17696908,,
59:59.7,5,8,6,12.5,68.87557821,,
59:59.7,5,5,4,14,79.81012619,,
59:59.7,5,2,9,16,77.04316056,,
59:59.7,5,7,7,16,74.2781396,,
59:59.7,5,1,7,18,78.01587268,,
59:59.7,5,6,5,12,76.39317821,,
59:59.7,5,1,4,13,76.12523021,,
59:59.7,5,3,9,15,73.08058849,,
59:59.7,5,3,5,16,73.30511822,,
59:59.6,5,7,5,16,79.78373447,,
59:59.6,5,2,6,19,81.95857985,,
59:59.6,5,3,5,12,70.44288592,,
59:59.6,5,5,6,12.5,78.44187374,,
59:59.6,5,2,10,14,76.20435022,,
59:59.6,5,9,6,16,84.01566024,,
59:59.6,5,8,5,16,69.93909441,,
59:59.6,5,9,9,18,74.33504195,,
59:59.6,5,7,6,12,78.57450879,,
59:59.6,5,2,9,13,78.32023792,,
59:59.6,5,5,9,15,73.00003617,,
59:59.6,5,6,8,16,69.58442667,,
59:59.6,5,3,6,16,76.2070044,,
59:59.6,5,7,7,19,79.6206583,,
59:59.6,5,6,9,12,73.62762373,,
59:59.6,5,9,5,12.5,72.27683657,,
59:59.6,5,7,7,14,84.83290314,,
59:59.6,5,6,8,16,73.63038265,,
59:59.6,5,8,4,16,86.8338528,,
59:59.6,5,3,5,18,75.5428089,,
59:59.5,5,3,7,12,79.32650128,,
59:59.5,5,7,5,13,76.0357677,,
59:59.5,5,1,7,15,69.03462146,,
59:59.5,5,2,4,16,77.26162233,,
59:59.5,5,2,4,16,69.5381815,,
59:59.5,5,6,7,19,74.44607765,,
59:59.5,5,5,9,12,78.68720166,,
59:59.5,5,6,5,12.5,71.91647448,,
59:59.5,5,4,5,14,84.19094402,,
59:59.5,5,9,6,16,69.2588602,,
59:59.5,5,8,5,16,74.68133899,,
59:59.5,5,7,10,18,67.76477963,,
59:59.5,5,6,10,12,78.85944703,,
59:59.5,5,1,5,13,77.31400341,,
59:59.5,5,1,10,15,82.51775478,,
59:59.5,5,7,10,16,78.60817915,,
59:59.5,5,7,8,16,80.02730011,,
59:59.5,5,9,8,19,80.6312007,,
59:59.5,5,4,6,12,80.86530865,,
59:59.5,5,8,5,12.5,82.5920794,,
59:59.5,5,5,10,14,75.25231816,,
59:59.5,5,3,6,16,75.10293409,,
59:59.5,5,2,7,16,70.19012599,,
59:59.5,5,6,8,18,74.40110979,,
59:59.5,5,7,6,12,65.72581503,,
59:59.5,5,3,4,13,71.73071496,,
59:59.5,5,7,9,15,82.12781392,,
59:59.5,5,1,5,16,70.29290597,,
59:59.5,5,3,10,16,81.27531628,,
59:59.5,5,9,10,19,77.14004411,,
59:59.5,5,2,8,12,68.53164235,,
59:59.5,5,9,8,12.5,73.95000122,,
59:59.5,5,3,10,14,78.64059324,,
59:59.5,5,3,5,16,82.32919754,,
59:59.5,5,1,7,16,79.68904689,,
59:59.5,5,4,10,18,80.40895918,,
59:59.5,5,6,10,12,76.037957,,
59:59.5,5,3,7,13,79.87416293,,
59:59.5,5,9,9,15,76.70203648,,
59:59.5,5,4,4,16,75.07642846,,
59:59.5,5,1,6,16,74.64395246,,
59:59.5,5,1,5,19,76.56472748,,
59:59.5,5,8,10,12,82.93833388,,
59:59.5,5,4,6,12.5,78.05725162,,
59:59.5,5,7,7,14,76.02722728,,
59:59.5,5,6,5,16,82.74687331,,
59:59.5,5,2,4,16,74.82027129,,
59:59.5,5,5,8,18,71.1624411,,
59:59.5,5,5,7,12,82.98761285,,
59:59.5,5,4,5,13,80.4179626,,
59:59.5,5,7,4,15,75.520317,,
59:59.5,5,2,9,16,71.70593923,,
59:59.5,5,8,4,16,75.03484157,,
59:59.5,5,6,6,19,84.39734711,,
59:59.5,5,3,10,12,74.67322342,,
59:59.5,5,2,7,12.5,82.67621658,,
59:59.5,5,2,3,14,70.6239443,,
59:59.5,5,8,2,16,77.44623395,,
59:59.5,5,5,1,16,74.27675792,,
59:59.5,5,7,7,18,79.26601392,,
59:59.5,5,4,6,12,84.26589431,,
59:59.5,5,6,4,13,75.85794833,,
59:59.5,5,4,1,15,76.82555996,,
59:59.5,5,6,2,16,78.76297893,,
59:59.5,5,2,6,16,76.07231873,,
59:59.5,5,2,2,19,75.526591,,
59:59.5,5,4,7,12,73.79123051,,
59:59.5,5,3,3,12.5,80.32433735,,
59:59.5,5,8,6,14,81.83775471,,
59:59.5,5,2,6,16,72.77024027,,
59:59.5,5,9,5,16,76.06759683,,
59:59.5,5,3,7,18,77.57967504,,
59:59.5,5,9,6,12,74.5092587,,
59:59.5,5,4,4,13,80.14579713,,
59:59.5,5,3,1,15,75.09363299,,
59:59.5,5,9,2,16,75.58151674,,
59:59.5,5,2,1,16,65.84219865,,
59:59.5,5,1,2,19,78.86747201,,
00:00.0,6,7,6,12,75.87452053,,
00:00.0,6,3,2,12.5,74.50277458,,
00:00.0,6,7,4,14,72.68229472,,
00:00.0,6,9,6,16,77.57914234,,
00:00.0,6,6,4,16,79.45832275,,
00:00.0,6,5,7,18,70.41714786,,
00:00.0,6,10,1,12,76.17860061,,
00:00.0,6,3,7,13,68.73439075,,
00:00.0,6,3,1,15,76.63857907,,
00:00.0,6,10,7,16,78.11957431,,
59:59.9,6,7,1,16,73.48345309,,
59:59.9,6,5,4,19,84.98555466,,
59:59.9,6,2,3,12,71.5198871,,
59:59.9,6,2,2,12.5,81.18894839,,
59:59.9,6,5,5,14,78.83471207,,
59:59.9,6,6,2,16,81.46786766,,
59:59.9,6,4,4,16,78.13239822,,
59:59.9,6,7,2,18,76.20396159,,
59:59.9,6,8,1,12,84.00905145,,
59:59.9,6,4,4,13,77.73866668,,
59:59.9,6,9,3,15,78.09898086,,
59:59.9,6,6,2,16,78.12794387,,
59:59.9,6,5,3,16,79.95993065,,
59:59.9,6,3,1,19,80.53312413,,
59:59.9,6,4,6,12,82.08961555,,
59:59.9,6,4,1,12.5,71.03159211,,
59:59.9,6,2,4,14,74.62910969,,
59:59.9,6,10,7,16,79.80521724,,
59:59.9,6,4,1,16,83.08211685,,
59:59.9,6,6,4,18,70.37025677,,
59:59.8,6,8,4,12,71.72756297,,
59:59.8,6,3,2,13,79.25301996,,
59:59.8,6,2,4,15,75.55858802,,
59:59.8,6,4,2,16,77.24951267,,
59:59.8,6,4,6,16,83.97756984,,
59:59.8,6,9,3,19,74.06876651,,
59:59.8,6,3,5,12,77.98539074,,
59:59.8,6,3,4,12.5,83.57385879,,
59:59.8,6,3,6,14,78.70671219,,
59:59.8,6,6,5,16,82.73888358,,
59:59.8,6,3,9,16,70,,
59:59.8,6,2,1,18,71.23851901,,
59:59.8,6,3,4,12,85.06507318,,
59:59.8,6,5,6,13,77.06503817,,
59:59.8,6,10,5,15,78.49663428,,
59:59.8,6,3,3,16,77.39284924,,
59:59.8,6,4,4,16,78.17763598,,
59:59.8,6,8,5,19,75.13453924,,
59:59.8,6,8,2,12,76.10682099,,
59:59.8,6,3,2,12.5,75.20579659,,
59:59.8,6,5,6,14,77.14002284,,
59:59.7,6,9,6,16,79.57893953,,
59:59.7,6,8,1,16,78.76060148,,
59:59.7,6,6,3,18,84.79713793,,
59:59.7,6,2,2,12,77.48783635,,
59:59.7,6,6,5,13,79.88225815,,
59:59.7,6,5,1,15,76.22314431,,
59:59.7,6,8,2,16,79.62943036,,
59:59.7,6,4,7,16,83.22580903,,
59:59.7,6,8,3,19,72.29177915,,
59:59.7,6,4,3,12,82.60615866,,
59:59.7,6,9,2,12.5,78.53939108,,
59:59.7,6,7,3,14,74.73200349,,
59:59.7,6,7,5,16,86.24722197,,
59:59.7,6,3,3,16,74.55675133,,
59:59.7,6,2,5,18,80.53301528,,
59:59.7,6,8,4,12,80.0504856,,
59:59.7,6,2,2,13,78.91561046,,
59:59.7,6,10,1,15,76.86004618,,
59:59.7,6,6,3,16,81.04851045,,
59:59.6,6,8,6,16,75.29757717,,
59:59.6,6,5,7,19,69.91187228,,
59:59.6,6,7,6,12,78.12060736,,
59:59.6,6,6,5,12.5,79.83944335,,
59:59.6,6,8,4,14,74.46087195,,
59:59.6,6,9,5,16,67.35007046,,
59:59.6,6,8,1,16,77.91096539,,
59:59.6,6,8,4,18,75.41181116,,
59:59.6,6,5,2,12,68.37058025,,
59:59.6,6,9,4,13,75.68483113,,
59:59.6,6,5,5,15,86.86963653,,
59:59.6,6,7,4,16,69.45548971,,
59:59.6,6,10,3,16,77.99843859,,
59:59.6,6,4,5,19,80.45215058,,
59:59.6,6,7,2,12,79.17960765,,
59:59.6,6,10,5,12.5,72.9382883,,
59:59.6,6,2,7,14,82.19734,,
59:59.6,6,6,4,16,69.18752692,,
59:59.6,6,4,6,16,75.28173215,,
59:59.6,6,2,2,18,81.66956204,,
59:59.5,6,3,3,12,69.97973881,,
59:59.5,6,2,5,13,71.25371026,,
59:59.5,6,9,3,15,76.14378965,,
59:59.5,6,10,4,16,74.15062597,,
59:59.5,6,8,2,16,69.06247439,,
59:59.5,6,7,6,19,75.454602,,
59:59.5,6,4,3,12,71.6846399,,
59:59.5,6,8,6,12.5,80.48610159,,
59:59.5,6,9,4,14,72.62281853,,
59:59.5,6,7,1,16,78.98107363,,
59:59.5,6,10,4,16,79.39554858,,
59:59.5,6,4,2,18,80.94382395,,
59:59.5,6,4,5,12,67.48874681,,
59:59.5,6,2,7,13,72.28340102,,
59:59.5,6,5,5,15,73.41725044,,
59:59.5,6,5,3,16,74.56909089,,
59:59.5,6,6,7,16,83.28088865,,
59:59.5,6,9,6,19,80.33807688,,
59:59.5,6,4,6,12,65.61811747,,
59:59.5,6,4,8,12.5,60,,
59:59.5,6,5,2,14,80.3494077,,
59:59.5,6,5,8,16,75.03084058,,
59:59.5,6,9,4,16,77.08005965,,
59:59.5,6,10,6,18,75.6924873,,
59:59.5,6,8,3,12,77.76548058,,
59:59.5,6,3,5,13,74.36341059,,
59:59.5,6,10,7,15,71.92516094,,
59:59.5,6,6,6,16,72.05110441,,
59:59.5,6,5,1,16,78.79148689,,
59:59.5,6,8,1,19,74.71324564,,
59:59.5,6,5,4,12,70.14139023,,
59:59.5,6,2,2,12.5,80.95587824,,
59:59.5,6,9,2,14,78.59982845,,
59:59.5,6,10,1,16,79.38116095,,
59:59.5,6,7,2,16,72.90409807,,
59:59.5,6,6,4,18,77.92534502,,
59:59.5,6,8,4,12,73.67249466,,
59:59.5,6,9,7,13,70.00379268,,
59:59.5,6,6,7,15,74.70669415,,
59:59.5,6,8,6,16,69.55824937,,
59:59.5,6,9,7,16,78.92181551,,
59:59.5,6,9,3,19,70.88049515,,
59:59.5,6,3,4,12,72.87462662,,
59:59.5,6,9,3,12.5,78.37117371,,
59:59.5,6,3,7,14,72.45675241,,
59:59.5,6,4,1,16,73.90112812,,
59:59.5,6,10,4,16,78.52950921,,
59:59.5,6,5,1,18,78.91816552,,
59:59.5,6,10,5,12,77.84421411,,
59:59.5,6,7,7,13,72.92128612,,
59:59.5,6,9,1,15,73.03837348,,
59:59.5,6,8,6,16,71.72635205,,
59:59.5,6,6,1,16,80.32377906,,
59:59.5,6,2,3,19,78.85946576,,
59:59.5,6,8,7,12,80.23637274,,
59:59.5,6,10,5,12.5,74.52830117,,
59:59.5,6,8,6,14,85.20950022,,
59:59.5,6,6,3,16,75.73051485,,
59:59.5,6,8,6,16,72.20234708,,
59:59.5,6,8,7,18,70.96492692,,
59:59.5,6,8,7,12,72.92095154,,
59:59.5,6,10,4,13,79.88542286,,
59:59.5,6,5,1,15,81.17040981,,
59:59.5,6,4,1,16,83.36655151,,
59:59.5,6,10,4,16,80.0404427,,
59:59.5,6,2,5,19,66.46491924,,
59:59.5,6,3,4,12,78.11092519,,
59:59.5,6,4,2,12.5,78.96356999,,
59:59.5,6,6,4,14,82.18017805,,
59:59.5,6,6,6,16,73.83521798,,
59:59.5,6,5,4,16,84.15035052,,
59:59.5,6,10,7,18,77.94707936,,
59:59.5,6,3,4,12,74.44450117,,
59:59.5,6,6,5,10,71.49366776,,
59:59.5,6,6,4,15,68.08835094,,
59:59.5,6,7,8,11,79.3759575,,
59:59.5,6,6,7,16,80.75441608,,
59:59.5,6,4,4,19,80.6048872,,
